【合租】天河公园 加拿大花园 4室次卧,加拿大花园,1500,http://gz.58.com/pinpaigongyu/32459155994688x.shtml?psid=132707157198396899687096324
【整租】罗冲围 泊寓横沙店|99 1室1厅,泊寓横沙店|99,1200,http://gz.58.com/pinpaigongyu/31353793549753x.shtml?psid=132707157198396899687096324
【合租】车陂 棠安苑 5室次卧,棠安苑,1400,http://gz.58.com/pinpaigongyu/32459341556165x.shtml?psid=132707157198396899687096324
【整租】白云周边 横沙|万科泊寓| 1室1厅,横沙|万科泊寓|,1300,http://gz.58.com/pinpaigongyu/31207503173426x.shtml?psid=132707157198396899687096324
【整租】罗冲围 泊寓横沙店|99 1室1厅,泊寓横沙店|99,1300,http://gz.58.com/pinpaigongyu/30599051239880x.shtml?psid=132707157198396899687096324
【合租】车陂 棠安苑 5室次卧,棠安苑,1500,http://gz.58.com/pinpaigongyu/32459355643719x.shtml?psid=132707157198396899687096324
【整租】白云周边 横沙|万科泊寓| 1室1厅,横沙|万科泊寓|,1300,http://gz.58.com/pinpaigongyu/30610496630859x.shtml?psid=132707157198396899687096324
【整租】金沙洲 横沙|万科泊寓| 1室1厅,横沙|万科泊寓|,1300,http://gz.58.com/pinpaigongyu/31207505820083x.shtml?psid=132707157198396899687096324
【整租】罗冲围 横沙|万科泊寓| 1室1厅,横沙|万科泊寓|,1200,http://gz.58.com/pinpaigongyu/30599031707073x.shtml?psid=132707157198396899687096324
【整租】南岸路 泊寓横沙店|99 1室1厅,泊寓横沙店|99,1200,http://gz.58.com/pinpaigongyu/31353776752204x.shtml?psid=132707157198396899687096324
【整租】南海 浔峰洲路8号泊寓 2室1厅,浔峰洲路8号泊寓,1250,http://gz.58.com/pinpaigongyu/32017120783673x.shtml?psid=132707157198396899687096324
【整租】世联红璞公寓 人和 人和A栋,人和,1400-1620,http://gz.58.com/pinpaigongyu/31408441520591x.shtml?psid=132707157198396899687096324
【合租】天河公园 东方新世界 4室次卧,东方新世界,1480,http://gz.58.com/pinpaigongyu/29705485771978x.shtml?psid=132707157198396899687096324
【整租】芳村 荔湾国际城、坑口 1室1厅,荔湾国际城、坑口,1200,http://gz.58.com/pinpaigongyu/31096674938307x.shtml?psid=132707157198396899687096324
【整租】冠寓 祈福 冠寓（钟村店）,祈福,1450-1600,http://gz.58.com/pinpaigongyu/31497287585067x.shtml?psid=132707157198396899687096324
【整租】圈6国际青年公寓 嘉禾望岗 圈6青年公寓,嘉禾望岗,1466-1566,http://gz.58.com/pinpaigongyu/31538369809995x.shtml?psid=132707157198396899687096324
【整租】瑞东公寓 西朗 西朗瑞东公寓,西朗,1200,http://gz.58.com/pinpaigongyu/31663275224372x.shtml?psid=132707157198396899687096324
【整租】大石 卢浮公寓 1室0厅,【整租】大石,1500,http://gz.58.com/pinpaigongyu/31961939067837x.shtml?psid=132707157198396899687096324
【整租】南海 金沙洲万科泊寓万 2室1厅,金沙洲万科泊寓万,1250,http://gz.58.com/pinpaigongyu/30932680556238x.shtml?psid=132707157198396899687096324
【整租】世联红璞公寓 东圃 天河车陂店,东圃,1400-1900,http://gz.58.com/pinpaigongyu/32426162009924x.shtml?psid=132707157198396899687096324
【整租】一德路 万科泊寓|青年社 1室1厅,万科泊寓|青年社,1200,http://gz.58.com/pinpaigongyu/30599030254644x.shtml?psid=121402377198396899737988203
【合租】车陂 棠安苑 5室次卧,棠安苑,1500,http://gz.58.com/pinpaigongyu/32459355643719x.shtml?psid=121402377198396899737988203
【整租】罗冲围 泊寓横沙店|99 1室1厅,泊寓横沙店|99,1200,http://gz.58.com/pinpaigongyu/31353779784903x.shtml?psid=121402377198396899737988203
【合租】天河公园 加拿大花园 4室次卧,加拿大花园,1400,http://gz.58.com/pinpaigongyu/32459168980423x.shtml?psid=121402377198396899737988203
【合租】天河公园 泽晖苑 4室次卧,泽晖苑,1500,http://gz.58.com/pinpaigongyu/32458896735276x.shtml?psid=121402377198396899737988203
【整租】沙贝 泊寓横沙店|99 1室1厅,泊寓横沙店|99,1200,http://gz.58.com/pinpaigongyu/31353774846019x.shtml?psid=121402377198396899737988203
【整租】中山八路 泊寓金沙洲店 1室1厅,泊寓金沙洲店,1000,http://gz.58.com/pinpaigongyu/31563545846478x.shtml?psid=121402377198396899737988203
【合租】车陂 棠安苑 5室次卧,棠安苑,1500,http://gz.58.com/pinpaigongyu/32459397781059x.shtml?psid=121402377198396899737988203
【整租】白云周边 横沙|万科泊寓| 1室1厅,横沙|万科泊寓|,1200,http://gz.58.com/pinpaigongyu/31266027379779x.shtml?psid=121402377198396899737988203
【整租】沙贝 泊寓横沙店|99 1室1厅,泊寓横沙店|99,1200,http://gz.58.com/pinpaigongyu/31374033679156x.shtml?psid=121402377198396899737988203
【整租】金沙洲 浔峰岗6号线万科 1室1厅,浔峰岗6号线万科,1250,http://gz.58.com/pinpaigongyu/30796713773618x.shtml?psid=121402377198396899737988203
【整租】冠寓 祈福 冠寓（钟村店）,祈福,1450-1600,http://gz.58.com/pinpaigongyu/31497287585067x.shtml?psid=121402377198396899737988203
【整租】金沙洲 万科泊寓万汇楼 1室0厅,万科泊寓万汇楼,1250,http://gz.58.com/pinpaigongyu/31087036028876x.shtml?psid=121402377198396899737988203
【整租】世联红璞公寓 金沙洲 金沙洲店,金沙洲,1350-1500,http://gz.58.com/pinpaigongyu/31475227959493x.shtml?psid=121402377198396899737988203
【整租】金沙洲 沙贝万科泊寓万汇 2室1厅,沙贝万科泊寓万汇,1250,http://gz.58.com/pinpaigongyu/31186697586860x.shtml?psid=121402377198396899737988203
【整租】瑞东公寓 西朗 西朗瑞东公寓,西朗,1200,http://gz.58.com/pinpaigongyu/31663275224372x.shtml?psid=121402377198396899737988203
【整租】金沙洲 6号线浔峰岗万科 2室1厅,6号线浔峰岗万科,1250,http://gz.58.com/pinpaigongyu/31186672292035x.shtml?psid=121402377198396899737988203
【整租】世联红璞公寓 大沙地 豫章苑,大沙地,1200-1500,http://gz.58.com/pinpaigongyu/32370279568811x.shtml?psid=121402377198396899737988203
【整租】金沙洲 万达广场万科泊寓 2室1厅,万达广场万科泊寓,1250,http://gz.58.com/pinpaigongyu/31195000611378x.shtml?psid=121402377198396899737988203
【整租】世联红璞公寓 珠村 珠村七夕店,珠村,1300-1400,http://gz.58.com/pinpaigongyu/31862558204224x.shtml?psid=121402377198396899737988203
【整租】金沙洲 横沙|万科泊寓| 1室1厅,横沙|万科泊寓|,1300,http://gz.58.com/pinpaigongyu/30599028823350x.shtml?psid=141702165198396899794806694
【整租】南岸路 泊寓横沙店|99 1室1厅,泊寓横沙店|99,1200,http://gz.58.com/pinpaigongyu/31264627561658x.shtml?psid=141702165198396899794806694
【整租】金沙洲 横沙|万科泊寓| 1室1厅,横沙|万科泊寓|,1200,http://gz.58.com/pinpaigongyu/30599029614134x.shtml?psid=141702165198396899794806694
【合租】车陂 棠安苑 5室次卧,棠安苑,1400,http://gz.58.com/pinpaigongyu/32459384155600x.shtml?psid=141702165198396899794806694
【合租】天河公园 信华经理人花园 4室次卧,信华经理人花园,1200,http://gz.58.com/pinpaigongyu/32459213416014x.shtml?psid=141702165198396899794806694
【整租】金沙洲 金沙洲沙贝万科泊 1室1厅,金沙洲沙贝万科泊,1399,http://gz.58.com/pinpaigongyu/31121430454848x.shtml?psid=141702165198396899794806694
【整租】世联红璞公寓 东圃 天河车陂店,东圃,1400-1900,http://gz.58.com/pinpaigongyu/32426162009924x.shtml?psid=141702165198396899794806694
【整租】金沙洲 浔峰岗6号线万科 1室1厅,浔峰岗6号线万科,1250,http://gz.58.com/pinpaigongyu/30796694025040x.shtml?psid=141702165198396899794806694
【整租】世联红璞公寓 猎德 赤沙南约新街南,猎德,1120-1380,http://gz.58.com/pinpaigongyu/31264325872949x.shtml?psid=141702165198396899794806694
【整租】金沙洲 浔峰岗6号线万科 2室1厅,浔峰岗6号线万科,1250,http://gz.58.com/pinpaigongyu/30878090067144x.shtml?psid=141702165198396899794806694
【整租】瑞东公寓 赤岗 新村店,赤岗,1000-1200,http://gz.58.com/pinpaigongyu/31265250247491x.shtml?psid=141702165198396899794806694
【整租】南海 浔峰岗万科.泊寓 1室1厅,浔峰岗万科.泊寓,1250,http://gz.58.com/pinpaigongyu/31065114487245x.shtml?psid=141702165198396899794806694
【整租】世联红璞公寓 人和 人和B栋,人和,1200-1550,http://gz.58.com/pinpaigongyu/31572717437755x.shtml?psid=141702165198396899794806694
【整租】南海 浔峰岗泊寓万汇楼 1室1厅,浔峰岗泊寓万汇楼,1250,http://gz.58.com/pinpaigongyu/31043463205313x.shtml?psid=141702165198396899794806694
【整租】世联红璞公寓 珠村 珠村七夕广场店,珠村,1300-1450,http://gz.58.com/pinpaigongyu/31420009352746x.shtml?psid=141702165198396899794806694
【整租】金沙洲 浔峰岗6号线万科 2室1厅,浔峰岗6号线万科,1250,http://gz.58.com/pinpaigongyu/30908799626445x.shtml?psid=141702165198396899794806694
【整租】世联红璞公寓 沙贝 沙贝店,沙贝,1200-1400,http://gz.58.com/pinpaigongyu/31939367541162x.shtml?psid=141702165198396899794806694
【整租】金沙洲 万科泊寓万汇楼 2室1厅,万科泊寓万汇楼,1250,http://gz.58.com/pinpaigongyu/31062753618895x.shtml?psid=141702165198396899794806694
【整租】世联红璞公寓 珠村 珠村七夕广场店,珠村,1300-1500,http://gz.58.com/pinpaigongyu/31441247871407x.shtml?psid=141702165198396899794806694
【整租】金沙洲 浔峰岗万科泊寓万 1室1厅,浔峰岗万科泊寓万,1250,http://gz.58.com/pinpaigongyu/31076069758272x.shtml?psid=141702165198396899794806694
【整租】金沙洲 6号线浔峰岗万科 1室1厅,6号线浔峰岗万科,1250,http://gz.58.com/pinpaigongyu/31186777726387x.shtml?psid=188963277198396899842954606
【整租】世联红璞公寓 东圃 天河车陂店,东圃,1400-1600,http://gz.58.com/pinpaigongyu/29517874207798x.shtml?psid=188963277198396899842954606
【整租】金沙洲 万科泊寓万汇楼 1室1厅,万科泊寓万汇楼,1250,http://gz.58.com/pinpaigongyu/31062763976398x.shtml?psid=188963277198396899842954606
【整租】世联红璞公寓 东圃 杨桃公园4号楼,东圃,1430-1760,http://gz.58.com/pinpaigongyu/32006035734475x.shtml?psid=188963277198396899842954606
【整租】金沙洲 浔峰岗6号线万科 1室0厅,浔峰岗6号线万科,1250,http://gz.58.com/pinpaigongyu/30888636544196x.shtml?psid=188963277198396899842954606
【整租】世联红璞公寓 人和 人和B栋,人和,1400-1650,http://gz.58.com/pinpaigongyu/31408425216445x.shtml?psid=188963277198396899842954606
【整租】金沙洲 浔峰岗万科泊寓万 2室1厅,浔峰岗万科泊寓万,1250,http://gz.58.com/pinpaigongyu/31062758318145x.shtml?psid=188963277198396899842954606
【整租】世联红璞公寓 琶洲 海珠赤沙店,琶洲,1130-1380,http://gz.58.com/pinpaigongyu/31285670191168x.shtml?psid=188963277198396899842954606
【整租】金沙洲 浔峰岗万科泊寓万 1室1厅,浔峰岗万科泊寓万,1250,http://gz.58.com/pinpaigongyu/31087012475076x.shtml?psid=188963277198396899842954606
【整租】金沙洲 浔峰岗6号线万科 2室1厅,浔峰岗6号线万科,1250,http://gz.58.com/pinpaigongyu/30796706380097x.shtml?psid=188963277198396899842954606
【整租】金沙洲 金沙洲6号线浔峰 1室1厅,金沙洲6号线浔峰,1250,http://gz.58.com/pinpaigongyu/31121455100209x.shtml?psid=188963277198396899842954606
【整租】金沙洲 广佛眼万达广场 2室1厅,广佛眼万达广场,1250,http://gz.58.com/pinpaigongyu/31198351832637x.shtml?psid=188963277198396899842954606
【整租】金沙洲 金沙洲6号线浔峰 1室1厅,金沙洲6号线浔峰,1250,http://gz.58.com/pinpaigongyu/31121521188404x.shtml?psid=188963277198396899842954606
【整租】金沙洲 浔峰岗6号线万科 1室0厅,浔峰岗6号线万科,1250,http://gz.58.com/pinpaigongyu/30878048263373x.shtml?psid=188963277198396899842954606
【整租】金沙洲 广佛眼万达广场 2室1厅,广佛眼万达广场,1250,http://gz.58.com/pinpaigongyu/31198377874244x.shtml?psid=188963277198396899842954606
【整租】金沙洲 金沙洲万达广场万 1室1厅,金沙洲万达广场万,1250,http://gz.58.com/pinpaigongyu/31328133669186x.shtml?psid=188963277198396899842954606
【整租】金沙洲 6号线浔峰岗万科 1室1厅,6号线浔峰岗万科,1250,http://gz.58.com/pinpaigongyu/31194956308816x.shtml?psid=188963277198396899842954606
【整租】金沙洲 浔峰岗万科泊寓万 1室1厅,浔峰岗万科泊寓万,1250,http://gz.58.com/pinpaigongyu/31062748721081x.shtml?psid=188963277198396899842954606
【整租】金沙洲 浔峰岗万科泊寓万 2室1厅,浔峰岗万科泊寓万,1250,http://gz.58.com/pinpaigongyu/31076079818558x.shtml?psid=188963277198396899842954606
【整租】小新塘 万科泊寓.智慧城 1室0厅,万科泊寓.智慧城,1200,http://gz.58.com/pinpaigongyu/31050999171650x.shtml?psid=188963277198396899842954606
【整租】萝岗 万科云城米酷 1室0厅,万科云城米酷,1200,http://gz.58.com/pinpaigongyu/32115058964816x.shtml?psid=120195394198396899892844356
【整租】世联红璞公寓 沙贝 沙贝店,沙贝,1350-1550,http://gz.58.com/pinpaigongyu/31441217535564x.shtml?psid=120195394198396899892844356
【整租】黄村 万科泊寓.智慧城 1室0厅,万科泊寓.智慧城,1200,http://gz.58.com/pinpaigongyu/30003007308971x.shtml?psid=120195394198396899892844356
【整租】科学城 万科云城米酷 泊 1室0厅,万科云城米酷,1200,http://gz.58.com/pinpaigongyu/31670487975219x.shtml?psid=120195394198396899892844356
【整租】黄村 万科泊寓 智慧城 1室0厅,万科泊寓,1200,http://gz.58.com/pinpaigongyu/31449439669432x.shtml?psid=120195394198396899892844356
【整租】世联红璞公寓 人和 人和旗舰店,人和,1310-1630,http://gz.58.com/pinpaigongyu/31263978302413x.shtml?psid=120195394198396899892844356
【整租】市桥 泊寓市桥店 1室0厅,泊寓市桥店,1500,http://gz.58.com/pinpaigongyu/32002686820139x.shtml?psid=120195394198396899892844356
【整租】市桥 泊寓市桥店 1室0厅,泊寓市桥店,1500,http://gz.58.com/pinpaigongyu/31517560788686x.shtml?psid=120195394198396899892844356
【整租】小新塘 万科云城米酷 1室0厅,万科云城米酷,1350,http://gz.58.com/pinpaigongyu/32246139951167x.shtml?psid=120195394198396899892844356
【整租】科学城 万科泊寓.智慧城 1室0厅,万科泊寓.智慧城,1200,http://gz.58.com/pinpaigongyu/32102242076222x.shtml?psid=120195394198396899892844356
【整租】科学城 万科泊寓 智慧城 1室0厅,万科泊寓,1200,http://gz.58.com/pinpaigongyu/31870455024185x.shtml?psid=120195394198396899892844356
【整租】小新塘 万科云城米酷 1室0厅,万科云城米酷,1200,http://gz.58.com/pinpaigongyu/32135859584064x.shtml?psid=120195394198396899892844356
【整租】五山 万科泊寓.智慧城 1室0厅,万科泊寓.智慧城,1200,http://gz.58.com/pinpaigongyu/32102210809515x.shtml?psid=120195394198396899892844356
【整租】小新塘 万科云城米酷 1室0厅,万科云城米酷,1200,http://gz.58.com/pinpaigongyu/32157005204928x.shtml?psid=120195394198396899892844356
【整租】市桥 泊寓市桥店 1室0厅,泊寓市桥店,1000,http://gz.58.com/pinpaigongyu/31076403379765x.shtml?psid=120195394198396899892844356
【整租】小新塘 万科云城米酷 泊 1室0厅,万科云城米酷,1200,http://gz.58.com/pinpaigongyu/32094746834127x.shtml?psid=120195394198396899892844356
【整租】岑村 万科泊寓.智慧城 1室0厅,万科泊寓.智慧城,1200,http://gz.58.com/pinpaigongyu/32091918276024x.shtml?psid=120195394198396899892844356
【整租】小新塘 万科泊寓 智慧城 1室0厅,万科泊寓,1200,http://gz.58.com/pinpaigongyu/31417532353735x.shtml?psid=120195394198396899892844356
【整租】岑村 万科泊寓.智慧城 1室0厅,万科泊寓.智慧城,1200,http://gz.58.com/pinpaigongyu/32102258011064x.shtml?psid=120195394198396899892844356
【整租】小新塘 万科泊寓.智慧城 1室0厅,万科泊寓.智慧城,1200,http://gz.58.com/pinpaigongyu/30469816403650x.shtml?psid=120195394198396899892844356
【整租】小新塘 年终特惠！泊寓智 1室0厅,年终特惠！泊寓智,1200,http://gz.58.com/pinpaigongyu/32094844510030x.shtml?psid=145700284198396899937713992
【整租】世联红璞公寓 金沙洲 金沙洲店,金沙洲,1350-1500,http://gz.58.com/pinpaigongyu/31475227959493x.shtml?psid=145700284198396899937713992
【整租】科学城 万科云城米酷 1室0厅,万科云城米酷,1200,http://gz.58.com/pinpaigongyu/32136063312051x.shtml?psid=145700284198396899937713992
【整租】小新塘 万科云城米酷 1室0厅,万科云城米酷,1200,http://gz.58.com/pinpaigongyu/32239471493831x.shtml?psid=145700284198396899937713992
【整租】小新塘 万科泊寓.智慧城 1室0厅,万科泊寓.智慧城,1200,http://gz.58.com/pinpaigongyu/31084442163891x.shtml?psid=145700284198396899937713992
【整租】世联红璞公寓 东圃 天河车陂店,东圃,1400-1800,http://gz.58.com/pinpaigongyu/32006025656897x.shtml?psid=145700284198396899937713992
【整租】科学城 万科泊寓.智慧城 1室0厅,万科泊寓.智慧城,1200,http://gz.58.com/pinpaigongyu/29602861356096x.shtml?psid=145700284198396899937713992
【整租】岑村 万科云城米酷 1室0厅,万科云城米酷,1200,http://gz.58.com/pinpaigongyu/32135882872653x.shtml?psid=145700284198396899937713992
【整租】科学城 万科云城米酷 1室0厅,万科云城米酷,1200,http://gz.58.com/pinpaigongyu/32246273387725x.shtml?psid=145700284198396899937713992
【合租】文冲 万科黄埔仓 2室次卧,万科黄埔仓,1488,http://gz.58.com/pinpaigongyu/32389800428613x.shtml?psid=145700284198396899937713992
【整租】黄埔区府 万科黄埔仓 2室0厅,万科黄埔仓,1488,http://gz.58.com/pinpaigongyu/32370475204043x.shtml?psid=145700284198396899937713992
【合租】文冲 万科黄埔仓 2室次卧,万科黄埔仓,1488,http://gz.58.com/pinpaigongyu/32359340416315x.shtml?psid=145700284198396899937713992
【整租】科韵路 万科黄埔仓 1室0厅,万科黄埔仓,1400,http://gz.58.com/pinpaigongyu/32367760455231x.shtml?psid=145700284198396899937713992
【合租】文冲 泊寓文冲店万科黄 2室主卧,泊寓文冲店万科黄,1488,http://gz.58.com/pinpaigongyu/31244543176016x.shtml?psid=145700284198396899937713992
【合租】大沙地 新开业泊寓 文冲 3室主卧,新开业泊寓,1099,http://gz.58.com/pinpaigongyu/31925479895754x.shtml?psid=145700284198396899937713992
【合租】文冲 泊寓文冲店万科黄 2室次卧,泊寓文冲店万科黄,1488,http://gz.58.com/pinpaigongyu/32083186336950x.shtml?psid=145700284198396899937713992
【整租】花地湾 万科泊寓·西塱店 1室0厅,万科泊寓·西塱店,1250,http://gz.58.com/pinpaigongyu/31373075058887x.shtml?psid=145700284198396899937713992
【整租】大沙地 泊寓文冲万科黄埔 3室1厅,泊寓文冲万科黄埔,1000,http://gz.58.com/pinpaigongyu/31848376393898x.shtml?psid=145700284198396899937713992
【合租】黄埔区府 万科黄埔仓 2室次卧,万科黄埔仓,1488,http://gz.58.com/pinpaigongyu/32157382242103x.shtml?psid=145700284198396899937713992
【整租】西朗 泊寓西塱店 1室0厅,泊寓西塱店,1250,http://gz.58.com/pinpaigongyu/32014765898804x.shtml?psid=145700284198396899937713992
【整租】西朗 万科泊寓·西塱店 1室0厅,万科泊寓·西塱店,1500,http://gz.58.com/pinpaigongyu/31373091693495x.shtml?psid=158178390198396899984445796
【整租】世联红璞公寓 大沙地 豫章苑,大沙地,1200-1500,http://gz.58.com/pinpaigongyu/32370279568811x.shtml?psid=158178390198396899984445796
【整租】文冲 泊寓文冲万科黄埔 2室2厅,泊寓文冲万科黄埔,1500,http://gz.58.com/pinpaigongyu/31848231125941x.shtml?psid=158178390198396899984445796
【合租】文冲 泊寓文冲黄埔仓 4室主卧,泊寓文冲黄埔仓,1199,http://gz.58.com/pinpaigongyu/31848601012550x.shtml?psid=158178390198396899984445796
【整租】小新塘 泊寓软件园 1室0厅,泊寓软件园,1000,http://gz.58.com/pinpaigongyu/31995960752068x.shtml?psid=158178390198396899984445796
【整租】世联红璞公寓 珠村 珠村七夕店,珠村,1300-1400,http://gz.58.com/pinpaigongyu/31862558204224x.shtml?psid=158178390198396899984445796
